<?xml version="1.0" encoding="utf-8"?>
<ApplicationInstallerManifest>
   <DefaultInstallationDirectory>/usr/local/MetaboLabLinux/</DefaultInstallationDirectory>
   <ApplicationName>MetaboLabLinux</ApplicationName>
   <ExecutableName>application/MetaboLabLinux.exe</ExecutableName>
   <GUID>851b016c-f7a3-416b-8605-23f5994f75d7</GUID>
   <ApplicationIcon>default_icon_48.png</ApplicationIcon>
   <Logo>logo5769672986227221774.tmp</Logo>
   <Version>0.9956</Version>
   <InstallationNotes>In the following directions, replace MCR_ROOT by the directory where the MATLAB Runtime is installed on the target machine.

(1) Set the environment variable XAPPLRESDIR to this value:

    MCR_ROOT/v90/X11/app-defaults


(2) If the environment variable LD_LIBRARY_PATH is undefined, set it to the concatenation of the following strings:

    MCR_ROOT/v90/runtime/glnxa64:
    MCR_ROOT/v90/bin/glnxa64:
    MCR_ROOT/v90/sys/os/glnxa64:
    MCR_ROOT/v90/sys/opengl/lib/glnxa64

    If it is defined, set it to the concatenation of these strings:

    ${LD_LIBRARY_PATH}: 
    MCR_ROOT/v90/runtime/glnxa64:
    MCR_ROOT/v90/bin/glnxa64:
    MCR_ROOT/v90/sys/os/glnxa64:
    MCR_ROOT/v90/sys/opengl/lib/glnxa64</InstallationNotes>
   <Summary>Advanced NMR data processing</Summary>
   <WelcomePanelText>MetaboLabLinux 0.9956
Advanced NMR data processing

MetaboLab is a software package for NMR processing written in MATLAB currently developed at the University of Birmingham. It contains of a series of processing algorithms for 1D, 2D and 3D processing including apodization functions, linear prediction, Fourier transformation, baseline correction. It also includes routines for wavelet denoising of spectra. A simple interface is available to set up processing parameters. The current version supports Bruker and Varian file formats.

C. Ludwig &amp; U. Guenther
C.Ludwig@bham.ac.uk</WelcomePanelText>
   <MCRProducts>
      <MCRProduct>
         <ExternalProductIdentifier>35000</ExternalProductIdentifier>
      </MCRProduct>
      <MCRProduct>
         <ExternalProductIdentifier>35001</ExternalProductIdentifier>
      </MCRProduct>
      <MCRProduct>
         <ExternalProductIdentifier>35010</ExternalProductIdentifier>
      </MCRProduct>
   </MCRProducts>
</ApplicationInstallerManifest>